-- POPOLAMENTO DB

INSERT INTO film(titolo,regista,trama,durata,produzione,trailer,anno,copertina,datauscita,premi)
VALUES
	('Scarface','Brian De Palma','Tony Montana riesce a lasciare Cuba durante l''esodo Mariel del 1980. Si ritrova in un campo profughi della Florida ma il suo amico Manny ha una via d''uscita per loro: intraprendere un omicidio a contratto e verranno presi accordi per ottenere una carta verde. Presto lavora per lo spacciatore Frank Lopez e mostra il suo coraggio quando un accordo con gli spacciatori colombiani va male. Porta anche un nuovo livello di violenza a Miami. Tony è protettivo nei confronti della sorella minore, ma sua madre sa cosa fa per vivere e lo rinnega. Tony è impaziente e vuole tutto comunque, compreso l''impero di Frank e la sua amante Elvira Hancock. Una volta in cima, tuttavia, le azioni oltraggiose di Tony lo rendono un bersaglio e tutto crolla.','2h 50min','Universal Pictures','https://www.youtube.com/embed/jroIq779VEs',1983,'Copertine/scarface.jpeg','1983-12-1',0),
	('Avengers: Endgame','Anthony & Joe Russo','Dopo gli eventi devastanti di Avengers: Infinity War (2018), l''universo è in rovina a causa degli sforzi del Titano Pazzo, Thanos. Con l''aiuto degli alleati rimasti, i Vendicatori devono riunirsi ancora una volta per annullare le azioni di Thanos e annullare il caos nell''universo, indipendentemente dalle conseguenze che potrebbero esserci in serbo e indipendentemente da chi dovranno affrontare...','3h 1min','Marvel Studios','https://www.youtube.com/embed/vqWz0ZCpYBs','2019','Copertine/endgame.jpg','2019-04-22',1),
	('Ricomincio da tre','Massimo Troisi','Gaetano, giovane napoletano, decide di lasciare casa, lavoro e amici, per cercare altri momenti di vita e incontrare altra gente. Va a Firenze, a casa della zia. In una clinica, dove si reca per caso, incontra Martha e se ne innamora. Dopo una serie di situazioni buffe (un vecchio amico dalle incessanti chiacchiere provenienti da Napoli e la matura zia e il suo anziano amante, un giovane prete americano che vuole coinvolgerlo nelle sue visite alla forza evangelica, l''incontro con Riccardino, un giovane frustrato da una madre opprimente e dal padre in attesa del miracolo della ricrescita di una mano amputata, ecc.) Gaetano decide di rimanere a Firenze e di fare da padre al figlio in arrivo di Marta, anche se la ragazza non vuole rivelare il nome esatto del padre.','1h 5min','Italian International Film','https://www.youtube.com/embed/oR-hJAxr0uU',1981,'Copertine/ricominciodatre.jpeg','1981-03-7',6),
	('Il cavaliere oscuro','Christopher Nolan','Ambientato entro un anno dagli eventi di Batman Begins (2005), Batman, il tenente James Gordon e il nuovo procuratore distrettuale Harvey Dent iniziano con successo a radunare i criminali che affliggono Gotham City, fino a quando una misteriosa e sadica mente criminale conosciuta solo come "The Joker" appare a Gotham, creando una nuova ondata di caos. La lotta di Batman contro Joker diventa profondamente personale, costringendolo a "affrontare tutto ciò in cui crede" e migliorare la sua tecnologia per fermarlo. Un triangolo amoroso si sviluppa tra Bruce Wayne, Dent e Rachel Dawes.','2h 32min','Warner Bros','https://www.youtube.com/embed/dfwuVmue_3E',2008,'Copertine/cavaliereoscuro.jpg','2008-07-23', 7),
	('Il re leone','Roger Allers','Un giovane principe leone è scacciato dal suo orgoglio dal suo crudele zio, che afferma di aver ucciso suo padre. Mentre lo zio governa con una zampa di ferro, il principe cresce oltre la Savana, vivendo secondo una filosofia: non preoccuparti per il resto dei tuoi giorni. Ma quando il suo passato arriva a perseguitarlo, il giovane principe deve decidere il suo destino: rimarrà un emarginato o affronterà i suoi demoni e diventerà ciò che deve essere?','1h 28min','Walt Disney Pictures','https://www.youtube.com/embed/btc1U16MEQ8','1994','Copertine/releone.jpeg','1994-11-25', 5),
	('Uncharted','Ruben Fleischer','L''astuto Nathan Drake (Tom Holland) viene reclutato dall''esperto cacciatore di tesori Victor "Sully" Sullivan (Mark Wahlberg) per recuperare una fortuna accumulata da Ferdinando Magellan e persa 500 anni fa dalla Casata Moncada. Quello che inizia come un lavoro di rapina per il duo diventa un giro del mondo, una corsa a mani nude per raggiungere il premio davanti allo spietato Santiago Moncada (Antonio Banderas), che crede che lui e la sua famiglia siano i legittimi eredi. Se Nate e Sully riescono a decifrare gli indizi e risolvere uno dei misteri più antichi del mondo, troveranno un tesoro di 5 miliardi di dollari e forse anche il fratello perduto da tempo di Nate... ma solo se potranno imparare a lavorare insieme.','1h 56min','Columbia Pictures','https://www.youtube.com/embed/1WRfZE-8ZMk',2022,'Copertine/uncharted.webp','2022-02-17',0),
	('Assassinio sull''Orient Express','Kenneth Branagh','Hercule Poirot, the best detective in the world, decides to travel on the Orient Express. The train accidentally gets stopped because of a small avalanche. Little did he know that a murder was planned and that a person on this train was capable of committing such crime','1h 54min','Twientieth Century Fox','https://www.youtube.com/embed/hax5cvqOdUs',2017,'Copertine/orientexpress.jpeg','2017-11-30',0),
	('Doctor Strange 2', 'Sam Raimi', 'È il sequel di Doctor Strange (2016) e il ventottesimo film del Marvel Cinematic Universe, e ha come protagonista Benedict Cumberbatch nei panni del Dr. Stephen Strange, insieme a Elizabeth Olsen, Chiwetel Ejiofor, Benedict Wong. Nel film, Strange deve proteggere America Chavez, un''adolescente capace di viaggiare nel multiverso, da Wanda Maximoff', '2h 6min', 'Marvel Studios', 'https://www.youtube.com/embed/DkqjdOIi6tk', '2022', 'Copertine/doctorstrange.jpeg', '2022-05-04',0),
	('Avatar: La via dell''acqua','James Cameron','Più di dieci anni dopo gli eventi del primo film, Jake Sully e Neytiri hanno formato una famiglia. Tuttavia, a causa di una vecchia minaccia sono costretti a lasciare la loro casa ed esplorare le diverse regioni di Pandora', '2h', '20th Century Studios', 'https://www.youtube.com/embed/a8Gx8wiNbs8' , '2022' , 'Copertine/avatar2.jpeg' , '2022-12-14',0 ),
	('The Batman','Matt Reeves','Quando l''Enigmista, un sadico assassino seriale, inizia a uccidere le principali figure politiche di Gotham, Batman è costretto a indagare sulla corruzione in città e a mettere in discussione il coinvolgimento della sua famiglia.', '176min', 'Warner Bros, DC Entertainment', 'https://www.youtube.com/embed/JKjSqs5czLA', '2022', 'Copertine/thebatman.jpeg', '2022-03-04',0),
	('Spider-Man: No Way Home', 'Jon Watts', 'Con l''identità di Spider-Man rivelata, Peter chiede aiuto al Dottor Strange. Qualcosa va storto e il multiverso diventa la più grande minaccia. Ora lui deve scoprire cosa significa veramente essere Spider-Man.', '2h 28m', 'Marvel Studios, Columbia Pictures', 'https://www.youtube.com/embed/ZBPAGbR6AHM' , '2021', 'Copertine/spidermannwh.jpeg', '2021-12-15',0 ),
	('Pulp Fiction', 'Quentin Tarantino', 'Le vicende di due sicari della mafia, un pugile, la moglie di un gangster e due banditi di diner si intrecciano in quattro storie di violenza e redenzione.', '2h 34m' , 'Miramax', 'https://www.youtube.com/embed/tGpTpVyI_OQ', '1994', 'Copertine/pulpfiction.jpeg', '1994-10-28', 6),
	('Forrest Gump', 'Robert Zemeckis', 'Le presidenze di Kennedy e Johnson, il Vietnam, Watergate e altre storie si sviluppano con la prospettiva di un uomo dell''Alabama con un QI di 75.', '2h 22m', 'Paramount Pictures', 'https://www.youtube.com/embed/GKe68fGdNaw', '1994' , 'Copertine/forrestgump.jpeg', '1994-10-06', 11),
	('Una notte da leoni', 'Todd Philips', 'Tre amici si svegliano dopo una festa di addio al celibato a Las Vegas, senza alcun ricordo della notte precedente e dello scapolo scomparso. Giranno allora la città per trovare il loro amico prima del suo matrimonio.', '1h 40m', 'Warner Bros' , 'https://www.youtube.com/embed/rp5T9sSkybY' , '2009', 'Copertine/unanottedaleoni.jpeg', '2009-06-19', 1),
	('Una notte da leoni 2', 'Todd Philips', 'Due anni dopo l''addio al celibato a Las Vegas, Phil, Stu, Alan e Doug viaggiano in Tailandia per il matrimonio di Stu. Il piano di Stu per un pranzo semplice prima del matrimonio tuttavia va storto.', '1h 42m', 'Warner Bros', 'https://www.youtube.com/embed/3VDfF2Mxv0g', '2011', 'Copertine/unanottedaleoni2.jpeg', '2011-05-25',0),
	('Una notte de leoni 3', 'Todd Philips', 'Il gruppo di amici deve rintracciare Mr. Chow che è scappato di prigione ed è in fuga quando uno di loro viene rapito da un gangster.', '1h 40m', 'Warner Bros', 'https://www.youtube.com/embed/E3w6X455IiM', '2013', 'Copertine/unanottedaleoni3.jpeg', '2013-05-30',0),
	('Shutter Island', 'Martin Scorsese', 'Nel 1954, un Marshal americano indaga sulla scomparsa di un assassino fuggito da un ospedale psichiatrico criminale.', '2h 18m', 'Paramount Pictures', 'https://www.youtube.com/embed/mzkVNB3FpSQ', '2010', 'Copertine/shutterisland.jpeg', '2010-03-05',0),
	('Arancia meccanica', 'Stanley Kubrick', 'In futuro, un capobanda sadico viene imprigionato e si offre volontario per un esperimento, ma non va come previsto.', '2h 16m', 'Warner Bros', 'https://www.youtube.com/embed/zze8aLUops4', '1971', 'Copertine/aranciameccanica.jpeg', '1972-09-07', 1),
	('Flight', 'Robert Zemeckis', 'Un pilota di aereo riesce a salvare i passeggeri prima che il velivolo precipiti, grazie ad una manovra spericolata; ma l''indagine sull''incidente porterà alla luce verità per lui molto scomode.', '2h 18m', 'Paramount Pictures', 'https://www.youtube.com/embed/Y8ivKl4N1w0' , '2012', 'Copertine/flight.jpeg' , '2013-01-24',0),
	('The Truman Show', 'Peter Weir', 'Un venditore di polizze assicurative scopre che la sua intera esistenza non è altro che un reality show televisivo.', '1h 43m', 'Paramount Pictures', 'https://www.youtube.com/embed/jmKQZ4v3yrs', '1998', 'Copertine/trumanshow.jpeg', '1998-09-10', 8),
	('Thor: Love and Thunder','Taika Waititi','Dopo gli eventi di Avengers: Endgame (2019), Thor cerca di trovare la pace interiore, ma viene interrotto quando Gorr il macellatore di dei minaccia di eliminare tutti gli dei. Per fermarlo prima che sia troppo tardi, Thor recluta Valchiria, il nuovo re di New Asgard, Korg e Jane Foster, che è diventata Mighty Thor.', '2h 30m', 'Marvel Studios', 'https://www.youtube.com/embed/bis4NW6sCYY' , 2022, 'Copertine/thor2.jpeg' , '2022-06-06',0),
	('1917', 'Sam Mendes', 'Durante la prima guerra mondiale ai giovani soldati britannici Schofield e Blake viene affidata un''ardua e rischiosa missione, dovranno consegnare un messaggio per avvisare il secondo battaglione dell''imminente pericolo.', '1h 59m', 'Dreamworks Pictures', 'https://www.youtube.com/embed/uxi11hs-GMY', '2020', 'Copertine/1917.jpeg', '2020-01-23', 13),
	('Bohemian Rhapsody', 'Bryan Singer', 'Una cronaca degli anni che hanno preceduto l''apparizione leggendaria di Queen al concerto Live Aid.', '2h 14m', 'Twentieth Century Fox', 'https://www.youtube.com/embed/mP0VHJYFOAU', '2018', 'Copertine/bohemian.jpeg', '2018-11-29', 9),
	('Sinister', 'Scott Derrickson', 'Ellison Oswalt, scrittore di true crime al capolinea, trova una scatola di filmini amatoriali registrati su pellicola super 8, i quali lasciano presupporre che l''assassinio su cui sta indagando è opera di un serial killer le cui azioni risalgono agli anni sessanta.', '1h 50m', 'Blumhouse Productions', 'https://www.youtube.com/embed/Yibc5eV7zis', '2013', 'Copertine/sinister.jpeg', '2013-03-14',0),
	('Minions 2', 'Kyle Balda' , 'La storia mai raccontata del sogno di un dodicenne di diventare il più grande supercriminale del mondo.', '1h 30m', 'Universal Pictures', 'https://www.youtube.com/embed/zVnGRX920Vw', '2022', 'Copertine/minions.jpeg', '2022-08-18',0),
	('Lightyear: La veria storia di Buzz', 'Angus MacLane', 'La storia di Buzz Lightyear e delle sue avventure all''infinito e oltre.', '1h 40m', 'Pixar Animation Studios', 'https://www.youtube.com/embed/lgn_ccKq0_8', '2022', 'Copertine/lightyear.jpeg', '2022-06-15',0),
	('Top Gun: Maverick', 'Joseph Kosinski', 'Dopo oltre trent''anni di servizio come uno dei migliori aviatori della Marina, Pete Mitchell è nel posto a cui appartiene, spingendo i limiti come un impavido pilota collaudatore e schivando la salita di rango che lo farebbe atterrare.', '2h 11m', 'Paramount Pictures', 'https://www.youtube.com/embed/95j_EVjYI_M', '2022', 'Copertine/topgun.jpeg', '2022-05-25',0);

INSERT INTO film(titolo,regista,trama,durata,produzione,trailer,anno,copertina,datauscita,premi,oscar)
VALUES
	('Nomadland', 'Chloé Zhao', 'Segue una donna sulla sessantina che, dopo aver perso tutto nella Grande Recessione, intraprende un viaggio attraverso il West americano, vivendo in furgoni come una nomade moderna.', '1h 50m', 'Searchlight Pictures', 'https://www.youtube.com/embed/qgKCgWSg1D8', '2020', 'Copertine/nomadland.jpeg', '2020-04-29', 10, true),
	('Parasite', 'Bong Joon Ho', 'L''intera famiglia di Ki-taek è disoccupata e molto interessata allo stile di vita della ricca famiglia Park finché non sono coinvolti in un incidente inaspettato.', '2h 12m', 'CJ Entertainment', 'https://www.youtube.com/embed/iPOugEDF8tk', '2019', 'Copertine/parasite.jpeg', '2019-11-07', 11, true),
	('Green Book', 'Peter Farrelly', 'Un buttafuori italo-americano della classe operaia diventa l''autista di un pianista classico afro-americano per una serie di date nel sud degli Stati Uniti negli anni ''60.', '2h 10m', 'Dreamworks Pictures', 'https://www.youtube.com/embed/GmqdPdCC5CQ', '2018', 'Copertine/greenbook.jpeg', '2019-01-31', 8, true),
	('The shape of water', 'Guillermo Del Toro', 'In una struttura di ricerca top secret negli anni ''60, una donna delle pulizie solitaria forma una relazione unica con una creatura anfibia detenuta in cattività.', '2h 3m', '20th Century Studios', 'https://www.youtube.com/embed/lr8D5D92lCc', '2017', 'Copertine/formaacqua.jpeg', '2018-02-14', 10, true),
	('Moonlight', 'Barry Jenkins', 'Una cronaca dell''infanzia, dell''adolescenza e dell''età adulta di un giovane uomo afro-americano omosessuale cresciuto in un quartiere malfamato di Miami.', '1h 51m', 'Lionsgate', 'https://www.youtube.com/embed/c875Y6R-Y0M', '2016', 'Copertine/moonlight.jpeg', '2017-02-16', 5, true),
	('Il caso Spotlight', 'Tom McCarthy', 'La vera storia di come il quotidiano Boston Globe ha scoperto lo scandalo di molestie su minori e dell''insabbiamento del caso nell''Arcidiocesi locale, scossando l''intera Chiesa cattolica alle sue fondamenta.', '2h 9m', 'Participant', 'https://www.youtube.com/embed/fF5e35u_LNc', '2015', 'Copertine/spotlight.jpeg', '2016-02-18', 4, true),
	('Birdman', 'Alejandro G. Iñárritu', 'Un attore di film sui super-eroi sul viale del tramonto tenta di rinvigorare la sua carriera scrivendo, dirigendo ed interpretando il ruolo principale in una produzione teatrale a Broadway.', '1h 59m', 'New Regency Production', 'https://www.youtube.com/embed/Dd3xWZjWFzg', '2014', 'Copertine/birdman.jpeg', '2015-02-05', 10, true);

INSERT INTO film(titolo,regista,trama,durata,produzione,trailer,anno,copertina,datauscita,premi)
VALUES 	('E''stata la mano di Dio','Paolo Sorrentino','Dallo scrittore e regista premio Oscar Paolo Sorrentino (Il Divo, La grande bellezza, Il giovane papa), nasce la storia di un ragazzo, Fabietto Schisa, nella tumultuosa Napoli degli anni ''80. La mano di Dio è una storia piena di gioie inaspettate, come l''arrivo della leggenda del calcio Diego Maradona, e una tragedia altrettanto inaspettata. Il destino fa la sua parte, gioia e tragedia si intrecciano e il futuro di Fabietto si mette in moto. Sorrentino torna nella sua città natale per raccontare la sua storia più personale, una storia di destino e famiglia, sport e cinema, amore e perdita.','2h 10m','Netflix','https://www.youtube.com/embed/ahJbjvSjFGo"','2022','Copertine/handofgod.jpeg','2021-11-24',7);


INSERT INTO categoria(nome)
VALUES
	('Azione'),
	('Animazione'),
	('Giallo'),
	('Fantasy'),
	('Commedia'),
	('Thriller'),
	('Avventura'),
	('Horror'),
	('Fantascienza'),
	('Drammatico'),
	('Crime'),
	('Superhero'),
	('Guerra'),
	('Storia'),
	('Musica'),
	('Biografico'),
	('Noir'),
	('Sentimentale'),
	('Poliziesco'),
	('Grottesco'),
	('Sport');

INSERT INTO appartenenza(categoria,film)
VALUES
	('Azione',1),
	('Crime', 1),
	('Azione',2),
	('Fantasy',2),
	('Commedia',3),
	('Azione',4),
	('Animazione',5),
	('Commedia',5),
	('Avventura',6),
	('Azione',6),
	('Giallo',7),
	('Thriller',7),
	('Fantasy',8),
	('Azione',8),
	('Fantascienza',9),
	('Avventura',9),
	('Fantasy',9),
	('Noir',10),
	('Azione',10),
	('Thriller',10),
	('Azione',11),
	('Avventura',11),
	('Fantascienza',11),
	('Superhero',11),
	('Superhero',8),
	('Superhero',2),
	('Giallo',12),
	('Drammatico',12),
	('Sentimentale',13),
	('Drammatico',13),
	('Commedia', 14),
	('Commedia', 15),
	('Commedia', 16),
	('Giallo', 16),
	('Thriller', 17),
	('Noir', 17),
	('Poliziesco', 17),
	('Giallo', 18),
	('Grottesco', 18),
	('Drammatico', 18),
	('Drammatico', 19),
	('Thriller', 19),
	('Commedia', 20),
	('Drammatico', 20),
	('Superhero', 21),
	('Fantasy', 21),
	('Avventura', 21),
	('Guerra', 22),
	('Drammatico', 22),
	('Storia', 22),
	('Musica', 23),
	('Sentimentale', 23),
	('Drammatico', 23),
	('Horror', 24),
	('Commedia', 25),
	('Animazione', 25),
	('Animazione', 26),
	('Avventura', 26),
	('Azione', 27),
	('Avventura', 27),
	('Drammatico', 28),
	('Thriller', 29),
	('Drammatico', 29),
	('Grottesco', 29),
	('Commedia', 30),
	('Drammatico', 30),
	('Biografico',30),
	('Sentimentale', 31),
	('Drammatico', 31),
	('Biografico', 32),
	('Drammatico', 32),
	('Giallo', 33),
	('Biografico', 33),
	('Drammatico', 33),
	('Drammatico', 34),
	('Drammatico',35),
	('Sport',35),
	('Commedia',35);

INSERT INTO attore(nome,wiki,foto)
VALUES 
	('Al Pacino','https://it.wikipedia.org/wiki/Al_Pacino','Attori/alpacino.jpeg'),
	('Robert Downey Jr.','https://it.wikipedia.org/wiki/Robert_Downey_Jr.','Attori/robertdowney.jpeg'),
	('Christian Bale','https://it.wikipedia.org/wiki/Christian_Bale','Attori/bale.jpeg'),
	('Benedict Cumberbatch', 'https://it.wikipedia.org/wiki/Benedict_Cumberbatch', 'Attori/benedict.jpeg'),
	('Elizabeth Olsen','https://it.wikipedia.org/wiki/Elizabeth_Olsen','Attori/olsen.jpeg'),
	('Xochitl Gomez','https://it.wikipedia.org/wiki/Xochitl_Gomez','Attori/xogomez.jpeg'),
	('Zoe Saldana', 'https://it.wikipedia.org/wiki/Zoe_Saldana', 'Attori/zoesaldana'),
	('Robert Pattinson', 'https://it.wikipedia.org/wiki/Robert_Pattinson', 'Attori/pattinson.jpeg'),
	('Zoe Kravitz', 'https://it.wikipedia.org/wiki/Zoë_Kravitz', 'Attori/zoekravitz.jpeg' ),
	('Tom Holland', 'https://it.wikipedia.org/wiki/Tom_Holland_(attore)' , 'Attori/tomholland.jpeg'),
	('Zendaya', 'https://it.wikipedia.org/wiki/Zendaya', 'Attori/zendaya.jpeg'),
	('John Travolta', 'https://it.wikipedia.org/wiki/John_Travolta', 'Attori/johntravolta.jpeg'),
	('Samuel Jackson', 'https://it.wikipedia.org/wiki/Samuel_L._Jackson', 'Attori/samueljackson.jpeg'),
	('Tom Hanks', 'https://it.wikipedia.org/wiki/Tom_Hanks' , 'Attori/tomhanks.jpeg'),
	('Leonardo Di Caprio', 'https://it.wikipedia.org/wiki/Leonardo_DiCaprio', 'Attori/dicaprio.jpeg'),
	('Denzel Washington', 'https://it.wikipedia.org/wiki/Denzel_Washington', 'Attori/denzel.jpeg'),
	('Jim Carrey', 'https://it.wikipedia.org/wiki/Jim_Carrey', 'Attori/jimcarrey.jpeg'),
	('Chris Hemsworth', 'https://it.wikipedia.org/wiki/Chris_Hemsworth' , 'Attori/hemsworth.jpeg'),
	('Rami Malek', 'https://it.wikipedia.org/wiki/Rami_Malek' , 'Attori/ramimalek.png'),
	('Frances McDormand', 'https://it.wikipedia.org/wiki/Frances_McDormand', 'Attori/mcdormand.jpeg'),
	('Tom Cruise', 'https://it.wikipedia.org/wiki/Tom_Cruise', 'Attori/tomcruise.jpeg'),
	('Sally Hawkins', 'https://it.wikipedia.org/wiki/Sally_Hawkins', 'Attori/sallyhawkins.jpeg'),
	('Viggo Mortensen', 'https://it.wikipedia.org/wiki/Viggo_Mortensen', 'Attori/mortensen.jpeg'),
	('Mahershala Ali', 'https://it.wikipedia.org/wiki/Mahershala_Ali', 'Attori/mahersala.jpeg'),
	('Mark Ruffalo', 'https://it.wikipedia.org/wiki/Mark_Ruffalo', 'Attori/markruffalo.jpeg'),
	('Micheal Keaton', 'https://it.wikipedia.org/wiki/Micheal_Keaton', 'Attori/keaton.jpeg'),
	('Edward Norton', 'https://it.wikipedia.org/wiki/Edward_Norton', 'Attori/norton.jpeg'),
	('Toni Servillo','https://it.wikipedia.org/wiki/Toni_Servillo','Attori/servillo.jpeg');

INSERT INTO recitazione(film,attore)
VALUES 
	(1,'Al Pacino'),
	(2,'Robert Downey Jr.'),
	(2, 'Mark Ruffalo'),
	(4,'Christian Bale'),
	(8,'Benedict Cumberbatch'),
	(22, 'Benedict Cumberbatch'),
	(8,'Elizabeth Olsen'),
	(8,'Xochitl Gomez'),
	(9,'Zoe Saldana'),
	(21, 'Zoe Saldana'),
	(10, 'Robert Pattinson'),
	(10, 'Zoe Kravitz'),
	(11, 'Tom Holland'),
	(6, 'Tom Holland'),
	(2, 'Tom Holland'),
	(11, 'Zendaya'),
	(12, 'John Travolta'),
	(12, 'Samuel Jackson'),
	(2, 'Samuel Jackson'),
	(17, 'Leonardo Di Caprio'),
	(13, 'Tom Hanks'),
	(19, 'Denzel Washington'),
	(20, 'Jim Carrey'),
	(21, 'Chris Hemsworth'),
	(2, 'Chris Hemsworth'),
	(23, 'Rami Malek'),
	(27, 'Tom Cruise'),
	(28, 'Frances McDormand'),
	(30, 'Viggo Mortensen'),
	(30, 'Mahershala Ali'),
	(31, 'Sally Hawkins'),
	(32, 'Mahershala Ali'),
	(33,'Mark Ruffalo'),
	(33,'Micheal Keaton'),
	(34,'Micheal Keaton'),
	(34, 'Edward Norton'),
	(35,'Toni Servillo');


INSERT INTO utente(nome,cognome,email,username,password,foto)
VALUES 
	('Pasquale','Caggiano','p.caggiano2@studenti.unisa.it','p.caggiano2','password1','Avatar/avatar1.png'),
	('Antimo','Di Bernardo','a.dibernardo3@studenti.unisa.it','a.dibernardo3','password2','Avatar/avatar2.png'),
	('Davide','Esposito','d.esposito75@studenti.unisa.it','d.esposito75','password3','Avatar/avatar3.png'),
	('Domenico','Di Stasio','d.distasio12@studenti.unisa.it','d.distasio12','password4','Avatar/avatar4.png'),
	('Marta','Corcione','m.corcione82@studenti.unisa.it','m.corcione82','password5','Avatar/avatar5.png');

INSERT INTO preferito(utente,film)
VALUES 
	(1,3),
	(1,23),
	(1,14),
	(1,11),
	(1,2),
	(1,27),
	(1,18),
	(1,5),
	(1,7),
	(2,14),
	(2,10),
	(2,9),
	(2,19),
	(2,22),
	(2,13),
	(2,1),
	(3,6),
	(3,8),
	(3,24),
	(3,14),
	(3,17),
	(4,12),
	(4,4),
	(4,28),
	(4,19),
	(4,20),
	(5,12),
	(5,27),
	(5,26),
	(5,25),
	(5,8),
	(5,2);

INSERT INTO recensione(utente,film,headline,recensione,datarecensione,rating)
VALUES
    (1,1,'Grandioso, sanguinario e implacabile','E'' uno dei miei preferiti in assoluto. Se il film ha un difetto, è che ti viene addosso come un toro furioso. Non coinvolge tanto lo spettatore quanto lo aggredisce. ''Scarface'' è una produzione vorace e inflessibile come lo stesso Tony Montana. Nulla è lasciato all''immaginazione dello spettatore. Il languido synthpop di Moroder si adatta perfettamente all''azione. Come il coro in una tragedia greca, geme e digrigna, cova e tira, un costante promemoria dell''inesorabile destino di Tony. Non tanto una storia di cautela quanto un disastro in corso, ''Scarface'' squarcia lo schermo con la forza inarrestabile di un treno in corsa.','2017-12-18',5),
    (2,1, 'The world is yours', 'Prima di tutto vorrei fare una premessa:"Scarface" è ,insieme a "Papillon" di F.J. Schaffner,il film su cui mi sono trovato in maggior disaccordo rispetto al Morandini;perchè,lo dico subito,a me il film è sempre piaciuto moltissimo (e infatti la mia valutazione è pari a un bell''8.5,corrispondente a 5 stellette).Mi sono spesso chiesto il perchè di un giudizio tanto negativo,e la risposta è forse nella frase "molto inferiore al Padrino". Quello di accostare e paragonare "Scarface" a "Il Padrino" è un atto comprensibile,per il tema trattato e la presenza di Pacino,ma sostanzialmente sbagliato!Il primo è infatti un film gangster,il secondo una pellicola che parla della mafia,non della criminalità organizzata in genere,e che quindi è profondamente permeata di "sicilianità", e come tale di rimpianto per la scomparsa di un mondo fatto di legami e tradizioni familiari e sociali consolidate', '2020-01-15', 5),
    (3,2, 'L''elaborazione del lutto, ineluttabile', 'Un manifesto della pop-art, la quintessenza degli States, il cinema che viaggia nel cinema, l''epica contemporanea: Endgame, signori e signore. Così è normale che una battaglia finale diventi un campo da football americano; il memoriale delle vittime di Infinity War ha il sapore del 11 september memorial; l''occhio proiettivo di Nebula una citazione a Metropolis; Doctor Strange novello Mosè intento a trattenere le acque mentre il fumetto passa all''epica del ventunesimo secolo; ineluttabile è Thanos, ineluttabile è la morte, anche per i supereroi. I supereroi non dovrebbero morire, non dovrebbero cedere psicologicamente né moralmente, non dovrebbero piangere, non dovrebbero affrontare il giorno dopo. Invece Endgame affronta tutto questo, diventando elegia della memoria, andando a colpire sotto la cintola di tutti noi, con la possibilità di un dialogo con la madre defunta, una furtiva parola con il padre morto, il desiderio di una vita normale e perciò felice. Il lutto è ancora tutto da rielaborare, e fa davvero pensare che sia la leggera Marvel a farsene un carico così pesante. L''ineluttabilità della morte, affidata agli dei, ai filosofi, agli economisti e ai religiosi, diviene cifra cinematografica. Non tutto è chiaro in Infinity: Endgame, ma non siamo andati al cinema per risolvere un enigma; ci siamo andati per incontrare vecchi amici, per ritrovare tracce delle nostre vite dietro persone con costumi e poteri come noi, per ridere e piangere, per emozionarci. Per ritornare a casa, come Ulissi del ventunesimo secolo. ', '2021-10-10', 4),
    (4,2, 'Il crepuscolo degli eroi', 'Il ciclo degli Avengers ha travalicato l''ambito filmico ed è diventato un fenomeno culturale e mass-mediale di proporzioni planetarie, un terreno dove rappresentare  la lotta costante tra luce e oscurità, tra vittoria e sconfitta, tra mediocrità ed eroismo, tra voglia di normalità e desideri di trascendenza. Un campo che attinge largamente ad archetipi trasversali alle diverse culture, provenienze e collocazioni, un''autentica fabbrica di mitologie, icone, simboli, oggetti d''investimento, una macchina spettacolare estremamente potente e diversificata. Mi era piaciuto Infinity War anche per la sua conclusione amara, la consapevolezza che pure i supereroi hanno i loro limiti e possono essere sconfitti da un potere superiore, quello del tempo e della morte, impersonato dal titano Thanos. Mi ero chiesto cosa avessero  in serbo registi e sceneggiatori per l''ultimo atto, come avrebbero potuto gli Avengers ribaltare una situazione compromessa in un modo così definitivo. ', '2020-11-20', 4),
    (5,3, 'Quando c''è ..la salute c''è tutto!!', 'Troisi ha davvero ragione,perchè partire da zero se nella vita abbiamo fatto qualcosa di buono?? Ovviamente ci spiega tutto con la l''immensa ironia che ha sempre contraddistinto la sua splendida e purtroppo breve carriera. La pellicola è infatti un crescendo di momenti gustosi e di battute sferzanti,anche su avvenimenti su cui verrebbe difficile farsi una risata. Prendiamo ad esempio la disabilità del padre o il complessato Robertino,ci sone delle battute di una genialità unica. Poi immancabile sovviene la storia d''amore che non può mai essere veramente completa senza un momento di separazione e crisi. Momenti perfettamente alternati di malinconia e voglia di ridere,di ingannare le avversità della vita tramite un sorriso. Accompagnato dal mitico Arena,il grande Troisi ci regala un capolavoro italiano che entra di diritto nelle case italiane per non uscirne più','2017-03-21', 4),
    (1,3, 'il miglior artista di tutti i tempi...', 'In mia opinione non è possibile recensire o esprimere qualsiasi giudizio su questo film,in quanto l’unica azione possibile da fare è una soltanto:AMMIRARE la grandezza assoluta del genio di Massimo Troisi','1999-03-21', 5),
    (2,4, 'non riesco a togliermelo dalla testa!!!', 'Erano mesi e mesi che lo aspettavo. L''ultima settimana prima dell''uscita contavo le ore. E finalmente, mercoledì sera ero lì, fuori al cinema, eccitatissimo. Si spengono le luci. Dopo i soliti trailer promozionali..eccolo, comincia...wow. Ero lì, incollato sulla poltrona...volevo che non finisse più. Quando si riaccensero le luci, la prima cosa che mi venne da dire fu "perchè non sorridi?". Ma ora passiamo alla recensione del film. Premessa: io amo Tim Burton, è uno dei miei registi preferiti. I primi due Btaman sono fantastici. Veniamo a "Il cavaliere oscuro". Nolan ci ributta nella oscura Gotham City (più corrotta che mai), decidendo di aprire il suo film con la scena di una rapina. Una scena geniale. Tanto per far sapere già dall''inizio con chi avrà a che fare questa volta il giustiziere mascherato. Il film si basa tutto sul labile confine tra bene e male. Basti guardare le figure di Batman e Joker così diversi eppure così simili come afferma in una scena il compianto Ledger/Joker, in questo film, per me, da Oscar. E non c''è da meravigliarsi se il suo Joker ruba (e non poco) la scena a Bale/Batman. Un altro personaggio fondamentale del film è sicuramente Aaron Eckhart/Harvey Dent al quale Joker riesce a far scoprire il suo lato oscuro. Insomma, un film in bilico tra bene e male che ha nel cast e nella trama il suo punto di forza. Ok, Burton ci ha regalato dei Batman indimenticabili, ma Nolan forse, con questo film, ci ha regalato la migliore trasposizione cinematografica di un fumetto (non solo di Batman).', '2009-09-01', 5),
    (3,4, 'il mio film preferito', 'So che rischio di risulatre un esaltato esponendomi con certe affermazioni, ma siamo di fronte a un CAPOLAVORO. Non si tratta semplicemente del degno seguito di Batman Begins (che in confronto è solo un antipasto alla luce di questo film) ma senza dubbio del miglior film di Batman (pur considerando le diverse scelte stilistiche dei vari registi). Ma dirò di più, si tratta probabilmente del miglior film mai realizzato su un super-eroe ed entra nell''olimpo dei migliori seguiti di tutti i tempi.','2019-01-12',5),
    (4,5, 'un''alchimia di suoni, colori ed emozioni' , 'Ritorna sui grandi schermi uno dei classici Disney più amati in assoluto, in una veste davvero splendente. Stavolta i Walt Disney Animation Studios hanno davvero superato se stessi, riuscendo a trasformare una “vecchia” pellicola in disegno a mano bidimensionale (pur sempre maestosa) in un sorprendente 3D, dove i bellissimi paesaggi della savana prolungano i loro orizzonti verso un emozionante quanto vertiginoso infinito, mettendone in risalto i vari piani e dove inquadrature acrobatiche risultano sorprendentemente efficaci in stereoscopia, come se fossero state ideate appositamente per questa nuova tecnica.', '2010-08-22', 4),
    (5,5, 'Fantastico', 'Sicuramente è il cartone animato più bello di tutti i tempi. La colonna sonora è bellissima come il significato profondo che ti lascia. Un''animazione che si apprezza forse di più quando si è grandi, ma che lascia qualche gioia anche ai bambini.', '2011-01-29', 5),
    (1,6, 'uncharted o la mediocrità della pigrizia creativa', 'Premessa doverosa: non ho mai giocato al videogame di “Uncharted”. Ma questo penso che conti fino ad un certo punto. Il cinema è un altro tipo di medium e ci si aspetterebbe sempre il minimo sindacale: assistere ad una storia raccontata bene. Detto ciò, credo che un aggettivo su tutti possa descrivere bene cosa sia stato questo film per me: irritante.', '2022-02-22', 1),
    (2,6, 'delusione', 'Film noioso e ripetitivo', '2022-02-07', 2),
    (3,7, 'è il tempo di fermarsi', 'stop a questi remake, avere attori famosi non rende il film bello', '2017-12-12', 2),
    (4,7, 'Perché è stato fatto?', 'il film non ha nulla a che vedere con i libri di Agatha Christie', '2017-09-24', 1),
    (5,8, 'Anarchia e coraggio' , 'Doctor Strange nel Multiverso della Follia è il primo film del Marvel Cinematic Universe in cui l''anarchia creativa di un autore prende il sopravvento sulla formula commerciale, pur senza mai estinguerla del tutto e - piuttosto - venendole incontro. E'' il film di Sam Raimi in tutto e per tutto, con idee visive strabordanti e una regia impeccabile, ben distribuita tra una sorprendente patina horror e un impianto estetico spettacolare. La nuova epopea di Doctor Strange paga, purtroppo, il tantissimo materiale narrativo con una sceneggiatura sì coerente ma troppo densa, che avrebbe necessitato di maggior respiro per l''evoluzione di alcuni personaggi. Ma ciononostante, Doctor Strange nel Multiverso della Follia si conferma una delle migliori produzioni del Marvel Cinematic Universe, probabilmente tra i più coraggiosi e forse il più autoriale in assoluto.', '2022-04-29', 4),
    (1,8, 'Poco chiaro il protagonista', 'Visto ieri sera..sicuramente l''approfondimento di Wanda va sviluppato di più..ecco perchè penso, e spero, che dopo questo film (visto come finisce) sia giunto il momento di dedicarle un film stand alone..se lo merita tutto..il film mi è piaciuto tantissimo', '2022-05-05', 4),
    (2,9, 'Non vedo l''ora', '', '2022-05-28', 5),
    (3,10, 'spettacolo', 'THE BATMAN... Dopo la trilogia de "Il cavaliere oscuro" e il Batman di Ben Affleck, che sinceramente non mi era dispiaciuto soprattutto nei panni di Bruce Wayne, mi sono avvicinato a questo film con  il sensore della critica tarato al massimo, a maggior ragione dopo aver scoperto chi avrebbe interpretato il vigilante di Gotham. Ebbene, dopo 10 minuti di visione ero già ammaliato e preso da tutto. Matt Reeves confeziona un thriller molto avvincente dai toni cupi e tenebrosi, in una Gotham immersa nella palude del crimine e della corruzione istituzionale in cui la violenza estrema sembra l''unica risposta, anche da parte di Batman. Egli, a 2 anni dalla sua prima apparizione, veste prettamente i panni di un vendicatore che solo alla fine inizierà il suo cammino per diventare un costruttore di giustizia. Spartani i modi come spartane sono le attrezzature che usa (es. la meravigliosa Batmobile), ad eccezione di un unico gadget ultratecnologico. Cast perfetto per questo tipo di film con Pattinson che, nonostante non mi convinca ancora nella versione Wayne, riesce a dare una grande interpretazione fisica e una forte espressività visiva al personaggio pur indossando la maschera. Per fortuna, in minuti di presenza lungo le quasi 3 ore di film, l''uomo pipistrello supera nettamente il suo alter ego. Ciliegina sulla torta una straordinaria colonna sonora, una delle più belle in assoluto.', '2022-03-05', 5),
    (4,10, 'Tanto impegno ma anche tanta noia', 'Davvero apprezzabile la buona volontà degli autori di studiare e approfondire il personaggio di Batman fumettistico per dare ancora una volta una visione nuova del vigilante per eccellenza, mantenendo comunque la fedeltà ai racconti che abbiamo letto da ragazzi. Questa volta, conosciamo il lato più insicuro e fallibile di un Batman acerbo, e grazie al personaggio dell’Indovino riscopriamo la sua dote innata di detective, caratteristica che non era ancora stata proposta su grande schermo in nessuna delle versione precedenti. Il film però ci immerge in un ambiente fin troppo scuro, opprimente, estremamente serio dove la tensione è sempre al massimo, supportata da un ritmo statico e una colonna sonora incessante e sovradosata. Mai un attimo di respiro, mai un dialogo atto a sdrammatizzare; una condizione che protratta per tre ore di pellicola diventa snervante. Il buio e la pioggia continua, oltre a danneggiare e rendere noiose le scene d’azione, hanno soffocato anche la recitazione degli attori che appaiono ingessati, legnosi, a cominciare dal protagonista, capace di una sola espressione, proseguendo per il povero Colin Farrel “affogato” da un invadente trucco prostetico che rende superfluo il suo ingaggio per il Pinguino. Ok, sono tutti ottimi attori, ma il film non ha dato loro il tempo e le condizioni per dimostrarlo.', '2022-03-06', 3),
    (5,11, 'Una lettera d''amore al più celebre eroe marvel!', 'Il film più emozionante, intimo e sentimentale possibile per l''amichevole eroe di quartiere che tutti abbiamo amato da piccoli e amiamo ancora ora', '2022-12-26', 5),
    (1,11, 'No Way Home', 'Film basato interamente sul fan service, per accapararsi consensi si è disposti a tutto', '2022-12-25',3),
    (2,12, 'capolavoro assoluto', 'Dopo questo film il cinema si può dividere in due A.P. (ante Pulp Fiction) e D.P. (dopo Pulp Fiction); la sua potenza è così innovativa che verrà preso a modello di riferimento per tutti i film seguenti che cercheranno unire ironia caustica, umorismo nero, dialoghi irrestibili nella loro "minimalità", violenza e divertimento, mantenendo costantemente personaggi e storie come parentesi incastonate nell''incredibile atmosfera di "assurda" credibilità che pervade tutto il film.', '2001-02-12', 5),
    (3, 12, 'ricerca acquisita del carattere letterario', 'La " summa " culturale ed artistica di Quentin Tarantino di tutti i decenni del ventesimo secolo, visti attraverso gli occhi dei personaggi creati dalla società a loro congenita nella loro stessa natura, in cui sono intrinseche mode e stili di vita tutt''oggi presenti, quali la junk cultutre, il cool, il pop, il funk ed il pulp.', '2010-11-26', 5),
    (4, 13, 'un grandissimo capolavoro! immenso!', 'Che dire, si tratta senza dubbio di un capolavoro unico nel suo genere. Tocca gli eventi principali della storia americana recente, analizzando grandi problematiche ancora attuali, come la discriminazione verso i diversi (che sia per etnia o per disabilità), la devastazione e l''inutilità della guerra, il pericolo della droga e dell''Aids, la violenza nella famiglia, ma anche l''amore per la vita, l''amicizia, la forza di inseguire i propri sogni, e potrei continuare ancora se non avessi un limite di spazio. Qualsiasi tentativo di rinchiuderlo nei canoni stabiliti per un film risulterebbe riduttivo. Vedendolo lo spettatore proverà un''ampia gamma di emozioni, che in base alla propria sensibilità spazieranno dalla tristezza e malinconia alla gioia e al divertimento.', '2012-08-02', 5),
    (5,13, 'epica della bontà', 'Come recensire un capolavoro del genere? Qualsiasi parola, anche la più dolce, comprometterebbe la purezza di questa perla del cinema. "Mi chiamo Forrest Gump". Basta questo. Bastano queste quattro parole per disarmare anche il più cinico spettatore. Basta quel volto pulito, quelle espressioni intense, quel suo correre, correre, correre senza una ragione, "solo" perchè gli va di farlo, basta questo per amarlo.', '2012-08-12', 4),
    (1, 14, 'commedia divertente, mai banale e noiosa', 'Niente gag troppo demenziali e nemmeno equivoci dall''esito scontato. Un film che diverte il pubblico e non lo annoia. Composto generalmente da un lungo flashback, il film si regge sui dei pilastri solidi che non mostrano segni di cedimento durante i 100 minuti della pellicola. Il cast è rappresentato dai classici personaggi della commedia: il "ganzo", lo svitato, il cervellotico precisino e il normale (che è sempre il primo ad essere scartato). Oguno di loro porta a termine il proprio compito calandosi ottimamente nella parte, invertendola in alcune situazioni. Come detto prima il film si poggia in gran parte sull''attesa di scoprire le malefatte, le situazioni paradossali nelle quali i personaggi si sono avventurati; infatti fosse stato narrato in una sequenza temporale lineare, probabilmente avrebbe annoiato.', '2009-07-08', 3),
    (2,14, 'nella città dove il proibito diventa possibile.... ', 'Il termine commedia per definizione ci rimanda ad un qualcosa di divertente,si rischierebbe di cadere nel banale se si usasse un aggettivo del genere per descrivere questo film. Brillante,geniale questo descrive "Una notte da leoni". Se non riuscite a portare il vostro ragazzo all''altare portatelo al cinema,perchè dopo aver visto questo film avrà un buon motivo per convolare a nozze,non l''amore della sua vita,ma bensì vivere anche solo una volta un "notte da leoni".', '2009-07-11', 4),
    (3,15, 'più che un sequel sembra un remake!!', 'Premettendo che il primo film mi è piaciuto, in quanto simpatico, imprevedibile e piuttosto ironico e senza regole, devo ammettere che son rimasto piuttosto deluso da questo nuovo film, in quanto è in tutto e per tutto uguale al suo precedente, quasi quasi si possono ridurre le novità alla location; certo, qualche battuta carina c''è, però come già detto sono le troppe similitudini a penalizzarlo, nella formula: matrimonio + sbornia + ricerca dello scomparso! Davvero difficile ipotizzare cosa si inventeranno per fare un terzo film come già previsto, però sicuramente, almeno da parte mia ha perso molto del suo appeal iniziale.', '2012-03-12', 2),
    (4,15, 'Un orso polare albino', 'mettendo in chiaro che il "2" di ogni film ben riuscito non riuscirà mai ad eguagliare il primo, anche in questo caso usciti dal cinema vi troverete con una sensazione di deja vu. non per questo rimarrete insoddisfatti, anzi, di risate state sicuri che ne farete parecchie. il magico Alan ad ogni inquadratura vi strapperà un sorriso, anche solo il suo modo buffo di muoversi riesce a tenere gli sguardi incollati su di lui. naturalmente squadra che vince non si cambia quindi anche se ci troviamo a Bangkok molti personaggi del primo capitolo li ritroveremo anche in questo film, forse la trama pecca un po di originalità per il semplice fatto che è uguale a quella del primo... ma se siete in cerca di un film che vi faccia ridere avete scelto quello giusto.', '2012-03-13', 4),
    (5,16, '... e tutto finisce dove ebbe inizio, las vegas! ', 'Le notti dei leoni non finiscono mai, e forti del successo dei primi due episodi tornano i quattro amici on the road, e stavolta si spingono fino in Messico salvo chiudere il cerchio a Las Vegas da dove erano partiti alla conquista dei botteghini. Stavolta il pretesto - perchè la trama in film del genere è e deve essere sempre un pretesto per dar modo agli attori di dar sfogo alla loro verve e Galifianakis troneggia in questo - è che Alan ha rotto gli argini della propria incontrollabilità sociale decapitando una giraffa - scena esilarante come tante altre in un film che non ha vergogna di far ridere in modalità semplice ma professionalmente impeccabile e senza tempi morti - e quindi Phil, Stu e Alan lo accompagneranno in un centro di recupero.', '2013-06-17', 3),
    (1,16, 'Basta, va bene così', 'Mentre i primi due capitoli della saga hanno una trama piuttosto simile, Una notte da Leoni 3 chiarisce cosa accadde quelle due sciagurate "notti da leoni" e dà al film la sua degna conclusione. Stavolta Cooper ed Helms rimangano un po'' più in disparte (comunque ottimi nelle loro interpretazioni) lasciando a Zach la possibilità di esprimere la sua comica, sarcastica ed innocente ironia.', '2013-09-10', 2),
    (2,17, 'thriller psicologico di alta scuola ', 'Thriller di altissima scuola sfornato da un grandissimo Scorsese che si conferma uno dei migliori registi viventi. Pellicola mai banale e scontata con la quale il maestro italo-americano cerca di colpire lo spettatore con giochi psicologici e ripetuti colpi di scena, tanto da porre un punto interrogativo sul film stesso, il quale si appresta a diverse interpretazioni. Uno dei migliori film del genere; la sua visione e comprensione a 360 gradi necessitano di un attenzione ai particolari maniacale...geniale la regia che per più di un ora prende in giro lo spettatore che vede il tutto con gli occhi della pazzia, tanto da convincerlo a pensare come il pazzo al punto tale che tutto il film viene messo in discussione.', '2010-03-20', 5),
    (3,17, 'Scorsese ci trascina nel labirinto della follia', 'La follia umana secondo Martin Scorsese. Tratto dal romanzo di Dennis Lehane, “Shutter Island” è un thriller psicologico dai risvolti inquietanti, un rompicapo che gioca con l’inconscio di menti imprigionate nella coazione a ripetere. Nulla è come sembra in questo penitenziario arroccato su un’isola del Massachusetts, il manicomio giudiziario è sorvegliato da dottori e secondini con fucili in bella mostra. Agenti dell’F.B.I. che indagano sulla misteriosa sparizione di una paziente non sono certo benvenuti, ma le cose si dimostrano più complicate del previsto quando la soluzione è sepolta nei labirinti della memoria. A metà strada tra “L’isola del diavolo” e “American Psyco”, il film porta in scena i fantasmi di un ex soldato tormentato da incubi, ricordi e mal di testa: la liberazione del campo di concentramento a Dachau, la perdita della moglie in un incendio e le immagini di bambini annegati si alternano senza un ordine preciso nei ricorrenti flash back', '2010-03-11', 4),
    (4,18, 'Potenza della musica', 'L''opera è sicuramente un capolavoro, degno della fama che da più di trent''anni lo segue. Certo, l''argomento trattato non è dei più godibili, per cui i giudizi che si esprimono sul film sono sempre molto contrastanti. Il tema? La violenza, il seme violento che è insito in tutti noi e che si manifesta in molteplici forme. Così si parte dalle violenze più esplicite, cioè pestaggi e stupri, per poi passare ad altre violenze più nascoste ma non meno devastanti, quali una società estraniante, una famiglia priva di valori educativi, una politica falsamente tesa ad un bene collettivo e che in realtà mira solo al controllo totale degli individui. Nello svolgimento del tema Kubrick si pone la domanda se questa violenza, spesso così distruttiva, sia eliminabile dalla natura umana.', '2008-05-08', 5),
    (5,18, 'Quando l''arancia diventa meccanica', '"Il pensare è per gli stupidi, mentre i cervelluti si affidano all''ispirazione". Questa frase potrebbe senza dubbio riassumere parte dell''immenso contenuto poetico intrinseco al film Arancia Meccanica. Quando venne proiettato per la prima volta nelle sale italiane, alcuni critici non lo considerarono adeguatamente, altri non lo considerarono affatto. Probabilmente Kubrick si era spinto troppo oltre i bastioni dell''avanguardia, della violenza, della genialità. Insomma, era un''opera futuristica in un mondo dove i giovani volevano crescere in fretta e i vecchi avevano una incomprensibile tendenza nostalgica verso il passato. Naturalmente, in Italia venne vietato ai minori di 18 anni, e solo nel 1998 grazie ad una sentenza della cassazione, il film è stato reso visionabile anche ai maggiori di 14 anni.', '2007-09-09', 5),
    (1,19, 'Toccare il fondo, per tornare a essere libero.', 'Il regista di "Forrest Gump" e "Cast Away" torna dietro la cinepresa con un film originale dalle molteplici e difficili letture. "Flight ", appunto,  ci porta direttamente dietro la prospettiva del protagonista, emozionandoci  in tutta la sua drammaticità. Infatti la pellicola gira tutta intorno a un magistrale Denzel Washinton, che grazie alla sua prova trasmette sentimenti veri e drammatici. Girato in maniera eccellente è soprattutto grazie alla sceneggiuatura però che il film riesce a appassionare e dividere il pubblico. Sì, proprio dividere, perchè il comandante Whip  Whitaker è da assolvere o candannare? è un eroe che ha salvato la vita a un centinaio di persone o è uno squilibrato alcolista che ha messo in pericolo la vita di molti innocenti?', '2013-01-28', 4),
    (2,19, 'la caduta (libera) degli dei', 'Incredibile l'' abilità del regista di esprimere le profonde emozioni di questo "volo in caduta libera" di Denzel Washington, da eroe quasi divino ad ultimo tra gli uomini. Solo, emarginato ed isolato, anzi autoisolato, per colpa di una dipendenza che colpisce milioni di persone in tutto ilmondo, causato spesso proprio da questa Società disillusa. Una dipendenza che, come tale, comporta un enorme fardello di colpe e di penitenze, oltre che fisiche anche morali. Come il martinetto idraulico difettoso dell'' aereo che Denzel sta pilotando, così anche in lui qualcosa si rompe, o forse è già rotto da chissà quanto tempo, ed aspetta solo il momento utile per manifestarsi in tutta la sua eccezionale gravità.', '2013-01-29', 4),
    (3,20, 'Spettacolo assurdo', 'A mio parere un piccolo gioiello degli ultimi tempi... una trama attuale come non mai e tanti tocchi di classe primo fra tutti la scena finale che tanto ricorda "lo strappo nel cielo di carta" di Pirandello... il venir meno di tutte le certezze di un uomo, che + che un uomo era "il burattino" nelle mani del regista Christofer con ambizioni divine... Da notare altri tocchi di classe come il nome stesso del protagonista... Truman: da True Man ovvero l''unico uomo "vero" che non recitava una parte nella grande commedia che era la sua vita... Da nn perdere...', '2007-03-25', 5),
    (4,20, 'Il mio film preferito', 'The Truman show è uno dei film più belli che io abbia mai visto in assoluto!!... Jim Carrey è grandioso, non riuscirà almeno fino a questo momento a ridare un interpretazione così magistrale di un suo personaggio. Il film non fu dovutamente apprezzato al momento dell''uscita (1998) ma solo qualche anno dopo ne fu compreso il reale potenziale. E'' un film per molteplici aspetti grandiosamente metaforico, drammaticamente comico, ma sopratutto di grande riflessione, visto fino dove oggigiorno si è spinta la televisione con format mondiali come il "Grande Fratello" e "l''Isola dei famosi" etc etc.. Il mondo moderno è sempre più tecnologicamente controllato e the truman show toccava un tema che nel 1998 non poteva essere ancora perfettamente compreso come lo sarebbe adesso, per questo non mi stupirei di vederlo di nuovo al cinema magari fra una decina di anni', '2007-10-05', 5),
    (5,22, 'manita e coraggio nel delirio di guerra ', 'Il film è ambientato nella campagna francese, sconvolta nella sua agreste  quotidianità da un inutile conflitto.La prima inutile guerra mondiale è descritta nella sua crudezza in un ritmo incalzante ed appassionato. Ben ricostruiti i presidi militari ,rifugi e lunghissime trincee sotto un cielo plumbeo ed in un''atmosfera spettrale L''obiettivo come già nei film di Wajda si concentra su alcuni particolari talvolta struggenti come la bambola dimenticata in una casa saccheggiata, talvolta raccapriccianti nel rappresentare  corpi dei caduti o di animali, abbandonati nei campi o negli acquitrini e privi di  una pietosa sepoltura.Ancor più suggestive le riprese notturne della città in fiamme di oscuri personaggi(soldati tedeschi) che si aggirano minacciosi e coi volti nascosti da fuliggine,nebbia ed oscurità. ', '2020-01-25', 4),
    (1,22, 'La guerra come orrore assoluto ', 'c''era una volta una filmografia di genere bellico in cui la guerra era spettacolarizzata, i soldati erano eroi alla ricerca di gloria, i generali grandi condottieri ricchi di acume, poi Stanley Kubrick con "Orizzonti di gloria" spiegò che spesso, dietro la deciisone di attaccare una postazione nemica, vi era soltanto la vanagloria di un comandante desideroso di fare carriera e Steven Spielberg con "Salvate il soldato Ryan" fece vedere che, quando un soldato viene colpito dal nemico in guerra, non cade a terra come fulminato, ma rimane vivo e dilaniato dalle ferite a soffrire atrocemente.1917 fa parte del secondo filone, quello che fa volentieri a meno delle frasi roboanti, dello spettacolo, della favoletta bellica secondo cui conquistare una medaglia è il massimo desiderio di un soldato. 1917 ci ricorda che la guerra è un orrore assoluto, il più grande degli orrori', '2020-01-26', 4),
    (2, 23, 'Brividi', 'Film a dir poco emozionante, girato e montato come meglio non si può chiedere ad un film musicale, buone recitazioni, tanto spazio alle canzoni ed alle origini di queste. Dico solo che mai avevo sentito applausi, a cui mi sono unito, a fine proiezione di un film. Probabilmente si può discutere sul fatto di non aver affrontato per niente gli ultimi anni di vita di Freddie oppure del fatto di aver anticipato cronoligicamente la confessione della propria malattia, che avvenne in realtà nell''87 quindi dopo il concerto di Wembley, ma credo che quando un film provochi così tante emozioni si possa lasciar andare qualche inesattezza o speculazione, è stato fatto molto di peggio, cinematograficamente parlando.', '2018-11-23', 4),
    (3,23, 'Il mito continua', 'Un film atteso da tantissimi anni, pensato, ripensato, lavorato e ricomposto numerose volte con l’obiettivo di portare sul grande schermo la vita professionale e privata dei Queen e del suo frontman. Il lavoro di questa pellicola ricorda la costruzione affannosa e magistrale della hit Bohemian Rhapsody, che dà volutamente il titolo al film, quasi a volerne sottolineare la difficoltà dell’impresa. Se da un lato ha avuto un pathos e una gestazione faticosa, con cambio di regia, sceneggiatura e attori, dall’altro l’impegno profuso nel raccontare una storia così complessa c’è. E’ impossibile inserire in due ore di nastro il travaglio di Mercury e il carisma dei Queen, snocciolare ogni singolo momento di vent’anni di attività, incidere in particolari privati inutili ai fini della conoscenza.', '2018-11-24', 4),
    (4,24, 'Il capolavoro del terzo millennio', 'Secondo me questo è il miglior film horror degli anni duemila. Un''ottima pellicola che mischia paura, panico e febbrile tensione che tengono lo spettatore slle spine per tutta la durata del film. Il regista Scott Derickson dirige alla perfezione e gli sceneggiatori Derickson e Cargill danno alla luce una sceneggiatura ricca e variegata. Per quanto concerne gli effetti speciali, essi sono perfetti quando compaiono e la musica attizza aumenta la paura dello spettatore. Buone le inquadrature e altrettanto ben fatta la fotografia. In questa pellicola Derickson fa collimare elementi appartenenti ageneri che si rifanno all''horror, come il thriller e il crimine. La presenza dell''esoterismo lo rende ancora più interessante e curioso allo stesso tempo.', '2013-03-14', 4),
    (5,24, 'Paura e suspance in un horror mozzafiato!', 'Scott Derrickson torna a terrorizzare sul grande schermo, e dopo quel capolavoro dell''orrore che è "L''esorcismo di Emily Rose" ecco arrivare "Sinister", un film che piacerà molto agli amanti dell''horror i quali avranno l''occasione di gustarsi un gustoso horror ricco d suspance e colpi di scena.Non mancano l''orrore ed il sadismo che fanno da sfondo alla storia del film ma che si tengono ben lontani dalle esagerazioni; a tenere sempre viva l''attenzione provvede un abile tormento psicologico che colpisce in prima persona il protagonista della storia e che tiene lo spettatore attanagliato alla poltrona dalla prima all''ultima scena.','2013-04-04', 4),
    (1,28, 'questa terra è la mia terra', 'Nomadland,vincitore del Leone d’oro al Festival del cinema di Venezia di questo tormentato 2020 appena trascorso, è un film di confine, nel senso letterale del termine, dal quale sembra non poterci essere via di ritorno, un’Espiazione alla Mc Ewan dolente e terribile, un esilio privo di casa, affetti familiari e futuro. Il luogo del senso diventa sottile e incerto come la capacità di vedere oltre, di osservare ancora con gli occhi di un giovane la realtà che appare spietata e crudele e dove "le cose accadono quando le persone non stanno al loro posto dal momento l’ordine delle cose è anche la loro morte”', '2021-04-21', 4),
    (2,28, 'Film strepitoso on the road!', '"Nomadland" (Premio Oscar 2021 come Miglior Film) diretto dalla cinese naturalizzata statunitense Chloé Zhao (Miglior Regia) è strepitoso! La fotografia di Joshua James Richards è la vera trama, narrata lungo i solchi espressivi del volto intenso di una gigantesca Frances McDormand, Premio Oscar come Migliore Attrice Protagonista(vi ricordate il personaggio centrale di "Tre manifesti a Ebbing, Missouri"?): le rughe del suo viso raccontano una sofferenza tangibile, visiva, fisica, percepita dal pubblico, una sofferenza che permane anche quando un sorriso le compare sul volto e gli occhi brillano di una luce nuova.', '2021-04-20',4),
    (3,29, 'Tre famiglie ma chi sono i parassiti?', ' Bong-Joon-Ho (1969) è lo Spielberg sudcoreano e con questo capolavoro ha vinto a Cannes. La prima parte è divertente, una famigliola che vive in un tugurio sotto la strada cerca di sbarcare il lunario e solo con l’astuzia riuscirà, uno alla volta, a far lavorare i suoi quattro componenti, come se fossero perfetti estranei, al servizio di una ricca famiglia di un manager informatico. Quando una sera la famiglia povera rimasta sola nella villa stupenda sta finalmente assaporando come vivono i ricchi, alla porta suona la vecchia governante. Da questo momento la commedia diventa nera e la tensione sale in un crescendo incredibile. L’atmosfera talvolta è quella di Jordan Peele talvolta di Tarantino, ma c’è chi ha pensato a  Bunuel. Ad un certo punto nella colonna sonora irrompe “In ginocchio da te” di Gianni Morandi e la storia diventa universale, tra quelli che vivono sopra e quelli che vivono sotto. Speranza non c’è, si può forse sognare ma speranza ormai non c’è più. Un film che ci parla delle nostre vite, con realismo, perchè si vive meglio senza fare piani, così non si subiscono delusioni. La domanda dello spettatore alla fine è inevitabile: chi sono i parassiti?', '2019-11-02', 5),
    (4,30,'esilarante e riflessivo', 'Questo è un film straordinario, nel quale a mio avviso anche volendo essere pignoli, è impossibile trovare difetti. Green Book parla della discriminazione razziale degli anni 60 in America, e racconta la vera storia di una coppia che all''apparenza pare essere la peggiore assortita a causa delle loro differenze caratteriali. Donald Shirley talentuoso pianista, distaccato, colto, raffinato, e Tony "Lip" Vallelunga, italoamericano (siciliano) buttafuori, un po rozzo, abituato ad un linguaggio volgare e ai bassifondi della città newyorkese. Quest''ultimo diventa il suo autista, e ben presto il loro rapporto professionale, diventa sempre più forte e confidenziale', '2019-02-04', 4),
    (5,30, 'sorriso amaro', 'Viaggio ironico tra le strade d''America, tra razzismo, conflitto sociale e voglia di ritrovare sè stessi', '2019-09-22',4);


